               epoch,      train/box_loss,      train/cls_loss,      train/dfl_loss,   metrics/precision,      metrics/recall,     metrics/mAP_0.5,metrics/mAP_0.5:0.95,        val/box_loss,        val/cls_loss,        val/dfl_loss,               x/lr0,               x/lr1,               x/lr2
                   0,               5.324,              5.4086,              5.3927,          0.00022225,            0.011241,          0.00011239,          2.3728e-05,                   0,                   0,                   0,            0.070435,            0.003285,            0.003285
                   1,              5.2066,              5.1559,              5.4342,          0.00022189,            0.011241,          0.00011219,          2.9942e-05,                   0,                   0,                   0,            0.040402,           0.0065858,           0.0065858
                   2,              5.1163,              4.8339,              5.2179,           0.0035173,             0.22347,           0.0022166,          0.00072406,                   0,                   0,                   0,            0.010337,           0.0098537,           0.0098537
                   3,              3.6461,              3.4294,              4.1002,             0.25869,             0.18975,             0.11964,            0.035917,                   0,                   0,                   0,           0.0098522,           0.0098522,           0.0098522
                   4,              2.9663,              2.2115,              3.1126,             0.46601,              0.4964,             0.44037,             0.15197,                   0,                   0,                   0,           0.0098522,           0.0098522,           0.0098522
                   5,              2.7495,               1.887,              2.6789,             0.71048,             0.63849,             0.68797,             0.28908,                   0,                   0,                   0,            0.009803,            0.009803,            0.009803
                   6,              2.6009,              1.7139,              2.4576,             0.77673,             0.75045,             0.80252,             0.35423,                   0,                   0,                   0,           0.0097537,           0.0097537,           0.0097537
                   7,              2.5187,              1.6216,                2.34,             0.76239,             0.73868,              0.7869,             0.36449,                   0,                   0,                   0,           0.0097045,           0.0097045,           0.0097045
                   8,              2.4331,              1.5283,              2.2218,             0.78013,             0.73831,             0.79838,             0.37935,                   0,                   0,                   0,           0.0096552,           0.0096552,           0.0096552
                   9,               2.371,              1.4501,              2.1642,             0.73109,             0.70728,             0.75489,              0.3665,                   0,                   0,                   0,            0.009606,            0.009606,            0.009606
                  10,              2.3505,              1.4395,              2.1695,             0.81868,              0.7464,             0.82607,             0.39442,                   0,                   0,                   0,           0.0095567,           0.0095567,           0.0095567
                  11,              2.2964,              1.3788,              2.1073,             0.83934,             0.77113,             0.85478,             0.43203,                   0,                   0,                   0,           0.0095075,           0.0095075,           0.0095075
                  12,              2.2703,              1.3496,              2.0894,             0.78786,             0.75989,             0.82382,             0.42585,                   0,                   0,                   0,           0.0094582,           0.0094582,           0.0094582
                  13,              2.2519,              1.3278,              2.0617,             0.82132,             0.77878,             0.85461,             0.44326,                   0,                   0,                   0,            0.009409,            0.009409,            0.009409
                  14,              2.2224,               1.321,              2.0602,             0.82072,              0.8125,             0.87553,             0.46531,                   0,                   0,                   0,           0.0093597,           0.0093597,           0.0093597
                  15,              2.2082,              1.2862,              2.0313,             0.82646,             0.81295,             0.87504,             0.47035,                   0,                   0,                   0,           0.0093104,           0.0093104,           0.0093104
                  16,               2.196,              1.2633,              2.0246,             0.83987,             0.79451,             0.88247,             0.46296,                   0,                   0,                   0,           0.0092612,           0.0092612,           0.0092612
                  17,               2.158,              1.2418,              2.0083,             0.76442,             0.74702,             0.80646,             0.38976,                   0,                   0,                   0,           0.0092119,           0.0092119,           0.0092119
                  18,              2.1396,              1.2282,               1.974,             0.82776,             0.81835,             0.88481,             0.47788,                   0,                   0,                   0,           0.0091627,           0.0091627,           0.0091627
                  19,              2.1333,                1.21,              1.9758,             0.84202,             0.82678,             0.88717,             0.49011,                   0,                   0,                   0,           0.0091134,           0.0091134,           0.0091134
                  20,              2.1073,              1.1929,              1.9665,             0.85486,             0.81969,             0.89282,              0.4871,                   0,                   0,                   0,           0.0090642,           0.0090642,           0.0090642
                  21,              2.1163,              1.1947,              1.9642,             0.84149,             0.79489,             0.87717,             0.47026,                   0,                   0,                   0,           0.0090149,           0.0090149,           0.0090149
                  22,              2.0928,              1.1765,              1.9606,             0.85031,             0.82329,             0.89147,             0.48969,                   0,                   0,                   0,           0.0089657,           0.0089657,           0.0089657
                  23,              2.0745,              1.1595,              1.9594,              0.8359,             0.84128,             0.90068,             0.49534,                   0,                   0,                   0,           0.0089164,           0.0089164,           0.0089164
                  24,              2.0591,              1.1391,              1.9319,             0.85042,             0.78739,             0.87641,             0.48679,                   0,                   0,                   0,           0.0088672,           0.0088672,           0.0088672
                  25,              2.0589,              1.1253,              1.9277,             0.84476,             0.81232,             0.88805,             0.47581,                   0,                   0,                   0,           0.0088179,           0.0088179,           0.0088179
                  26,              2.0496,              1.1266,              1.9157,             0.83584,             0.82191,             0.89181,             0.49262,                   0,                   0,                   0,           0.0087687,           0.0087687,           0.0087687
                  27,              2.0277,              1.1099,              1.8991,             0.85905,             0.85027,              0.9096,             0.51858,                   0,                   0,                   0,           0.0087194,           0.0087194,           0.0087194
                  28,              2.0036,              1.1029,              1.8999,             0.86693,             0.83273,             0.90892,             0.51157,                   0,                   0,                   0,           0.0086701,           0.0086701,           0.0086701
                  29,              1.9993,              1.0916,              1.9125,             0.85096,             0.82155,             0.89667,             0.50325,                   0,                   0,                   0,           0.0086209,           0.0086209,           0.0086209
                  30,              1.9998,              1.0887,              1.9051,             0.86172,             0.83318,              0.9083,             0.50864,                   0,                   0,                   0,           0.0085716,           0.0085716,           0.0085716
                  31,              1.9821,              1.0835,              1.9018,             0.86508,             0.86556,             0.92199,             0.52589,                   0,                   0,                   0,           0.0085224,           0.0085224,           0.0085224
                  32,              1.9651,              1.0566,              1.8718,             0.86645,             0.84305,             0.91384,             0.53662,                   0,                   0,                   0,           0.0084731,           0.0084731,           0.0084731
                  33,              1.9619,              1.0516,              1.8622,             0.86243,             0.86151,             0.91715,             0.53836,                   0,                   0,                   0,           0.0084239,           0.0084239,           0.0084239
                  34,               1.968,              1.0509,              1.8676,              0.8562,             0.86556,             0.91856,             0.52834,                   0,                   0,                   0,           0.0083746,           0.0083746,           0.0083746
                  35,              1.9295,              1.0319,               1.873,             0.84461,             0.85791,             0.90871,             0.52111,                   0,                   0,                   0,           0.0083254,           0.0083254,           0.0083254
                  36,                1.94,              1.0374,              1.8646,             0.87657,             0.83993,             0.92701,             0.54636,                   0,                   0,                   0,           0.0082761,           0.0082761,           0.0082761
                  37,              1.9294,               1.009,              1.8483,             0.89055,             0.85207,             0.92527,             0.54388,                   0,                   0,                   0,           0.0082269,           0.0082269,           0.0082269
                  38,              1.9084,              1.0061,              1.8313,             0.87877,             0.86696,             0.93091,             0.54695,                   0,                   0,                   0,           0.0081776,           0.0081776,           0.0081776
                  39,              1.9067,              1.0043,              1.8439,             0.86801,             0.87229,             0.92392,             0.54741,                   0,                   0,                   0,           0.0081284,           0.0081284,           0.0081284
                  40,              1.8882,              1.0059,              1.8613,             0.86601,             0.85149,             0.92684,             0.54184,                   0,                   0,                   0,           0.0080791,           0.0080791,           0.0080791
                  41,              1.9039,              1.0048,              1.8432,             0.88191,             0.86151,             0.92787,             0.54717,                   0,                   0,                   0,           0.0080299,           0.0080299,           0.0080299
                  42,              1.8814,             0.99057,              1.8187,             0.88512,             0.87185,             0.93743,             0.56881,                   0,                   0,                   0,           0.0079806,           0.0079806,           0.0079806
                  43,              1.8761,             0.97304,              1.8098,             0.88296,             0.86691,             0.92925,              0.5514,                   0,                   0,                   0,           0.0079313,           0.0079313,           0.0079313
                  44,              1.8782,                0.97,              1.8127,             0.88536,              0.8473,             0.92803,              0.5471,                   0,                   0,                   0,           0.0078821,           0.0078821,           0.0078821
                  45,              1.8816,             0.98137,              1.8277,             0.87217,             0.86203,             0.93005,             0.56004,                   0,                   0,                   0,           0.0078328,           0.0078328,           0.0078328
                  46,              1.8524,             0.95364,              1.8169,             0.88724,             0.88624,             0.94106,             0.56941,                   0,                   0,                   0,           0.0077836,           0.0077836,           0.0077836
                  47,              1.8426,             0.94973,              1.7949,             0.89021,             0.87136,             0.93756,             0.55581,                   0,                   0,                   0,           0.0077343,           0.0077343,           0.0077343
                  48,              1.8421,             0.94407,              1.7778,             0.88357,             0.88624,             0.93902,             0.56413,                   0,                   0,                   0,           0.0076851,           0.0076851,           0.0076851
                  49,              1.8369,             0.95463,              1.8029,             0.89688,             0.87597,             0.94839,              0.5831,                   0,                   0,                   0,           0.0076358,           0.0076358,           0.0076358
                  50,              1.8186,             0.91863,              1.7774,             0.90032,             0.86915,             0.93881,              0.5697,                   0,                   0,                   0,           0.0075866,           0.0075866,           0.0075866
                  51,              1.8033,             0.92167,              1.7896,             0.88376,             0.88264,             0.94015,             0.55527,                   0,                   0,                   0,           0.0075373,           0.0075373,           0.0075373
                  52,              1.7861,             0.91676,              1.7679,             0.87947,             0.86781,             0.93157,              0.5635,                   0,                   0,                   0,           0.0074881,           0.0074881,           0.0074881
                  53,              1.7868,             0.91486,              1.7609,             0.88309,             0.88759,             0.94879,             0.57835,                   0,                   0,                   0,           0.0074388,           0.0074388,           0.0074388
                  54,              1.7713,             0.90079,              1.7649,             0.87519,             0.87335,             0.93121,             0.56185,                   0,                   0,                   0,           0.0073896,           0.0073896,           0.0073896
                  55,              1.7968,             0.89701,              1.7686,             0.91725,             0.85722,               0.943,             0.58949,                   0,                   0,                   0,           0.0073403,           0.0073403,           0.0073403
                  56,              1.7677,              0.8828,              1.7494,             0.90654,               0.881,             0.95037,             0.58602,                   0,                   0,                   0,            0.007291,            0.007291,            0.007291
                  57,              1.7836,             0.90092,               1.783,              0.8991,              0.9015,             0.95296,             0.58695,                   0,                   0,                   0,           0.0072418,           0.0072418,           0.0072418
                  58,              1.7547,             0.89307,              1.7398,             0.89466,             0.90124,             0.95093,              0.5903,                   0,                   0,                   0,           0.0071925,           0.0071925,           0.0071925
                  59,              1.7427,             0.88535,              1.7506,             0.89133,             0.88894,              0.9431,             0.58716,                   0,                   0,                   0,           0.0071433,           0.0071433,           0.0071433
                  60,              1.7456,             0.87822,              1.7328,             0.89324,             0.89344,             0.94952,             0.59336,                   0,                   0,                   0,            0.007094,            0.007094,            0.007094
                  61,              1.7342,             0.87396,              1.7422,             0.88914,             0.87185,             0.94121,             0.57242,                   0,                   0,                   0,           0.0070448,           0.0070448,           0.0070448
                  62,              1.7231,              0.8595,              1.7202,              0.9077,             0.88881,             0.95005,             0.60057,                   0,                   0,                   0,           0.0069955,           0.0069955,           0.0069955
                  63,              1.7182,             0.85981,              1.7363,             0.89312,             0.90063,             0.95273,             0.61248,                   0,                   0,                   0,           0.0069463,           0.0069463,           0.0069463
                  64,              1.7102,             0.85386,              1.7252,             0.89916,             0.90153,             0.95315,             0.59306,                   0,                   0,                   0,            0.006897,            0.006897,            0.006897
                  65,              1.7115,             0.85388,               1.699,             0.89234,             0.90935,             0.94925,             0.59871,                   0,                   0,                   0,           0.0068478,           0.0068478,           0.0068478
                  66,              1.7083,             0.85186,              1.7219,             0.87652,             0.90603,             0.94279,             0.57861,                   0,                   0,                   0,           0.0067985,           0.0067985,           0.0067985
                  67,              1.6837,             0.84045,              1.7045,             0.88751,             0.90558,             0.94866,             0.58436,                   0,                   0,                   0,           0.0067493,           0.0067493,           0.0067493
                  68,              1.7137,             0.86587,              1.7344,             0.91042,              0.8957,             0.95727,             0.60875,                   0,                   0,                   0,              0.0067,              0.0067,              0.0067
                  69,               1.684,             0.83799,              1.7197,             0.90032,             0.90647,              0.9555,             0.61691,                   0,                   0,                   0,           0.0066507,           0.0066507,           0.0066507
                  70,              1.6695,             0.82596,              1.6815,             0.89618,             0.90439,             0.95456,             0.61546,                   0,                   0,                   0,           0.0066015,           0.0066015,           0.0066015
                  71,              1.6662,             0.82255,              1.6911,             0.88562,             0.87455,             0.93117,             0.55892,                   0,                   0,                   0,           0.0065522,           0.0065522,           0.0065522
                  72,              1.6718,             0.82184,               1.688,             0.90125,             0.90423,             0.95309,             0.61125,                   0,                   0,                   0,            0.006503,            0.006503,            0.006503
                  73,              1.6441,              0.8169,              1.6839,             0.92032,             0.90365,             0.96023,             0.62232,                   0,                   0,                   0,           0.0064537,           0.0064537,           0.0064537
                  74,              1.6678,             0.81712,              1.6753,             0.91149,             0.89703,             0.95982,             0.62495,                   0,                   0,                   0,           0.0064045,           0.0064045,           0.0064045
                  75,              1.6506,             0.80748,              1.6915,             0.88758,             0.89074,             0.93722,             0.57994,                   0,                   0,                   0,           0.0063552,           0.0063552,           0.0063552
                  76,              1.6312,             0.80757,              1.6726,              0.9074,             0.90763,             0.96092,             0.62582,                   0,                   0,                   0,            0.006306,            0.006306,            0.006306
                  77,              1.6226,             0.80047,              1.6728,             0.90705,             0.90833,             0.95885,             0.62159,                   0,                   0,                   0,           0.0062567,           0.0062567,           0.0062567
                  78,              1.6149,              0.7848,              1.6403,             0.90843,             0.91895,             0.96507,             0.63605,                   0,                   0,                   0,           0.0062075,           0.0062075,           0.0062075
                  79,              1.6216,             0.79189,              1.6711,              0.9107,             0.90782,             0.96226,             0.63277,                   0,                   0,                   0,           0.0061582,           0.0061582,           0.0061582
                  80,               1.596,             0.78151,              1.6454,             0.90709,             0.90873,             0.95863,             0.63394,                   0,                   0,                   0,            0.006109,            0.006109,            0.006109
                  81,              1.6367,              0.8019,              1.6761,             0.90878,             0.90917,             0.96027,             0.62819,                   0,                   0,                   0,           0.0060597,           0.0060597,           0.0060597
                  82,              1.6235,             0.78423,              1.6497,             0.93418,             0.89979,             0.96688,             0.63577,                   0,                   0,                   0,           0.0060104,           0.0060104,           0.0060104
                  83,              1.5965,             0.78596,              1.6494,              0.9124,             0.89344,             0.96015,             0.62937,                   0,                   0,                   0,           0.0059612,           0.0059612,           0.0059612
                  84,              1.5719,             0.76073,              1.6541,             0.92118,             0.91367,             0.96374,             0.63507,                   0,                   0,                   0,           0.0059119,           0.0059119,           0.0059119
                  85,              1.5591,              0.7576,              1.6182,             0.91534,             0.92131,             0.96672,             0.63901,                   0,                   0,                   0,           0.0058627,           0.0058627,           0.0058627
                  86,              1.5901,             0.77307,              1.6472,              0.9242,             0.92098,             0.96537,             0.64211,                   0,                   0,                   0,           0.0058134,           0.0058134,           0.0058134
                  87,              1.5624,             0.76293,              1.6267,             0.91556,             0.92139,             0.96449,             0.63908,                   0,                   0,                   0,           0.0057642,           0.0057642,           0.0057642
                  88,              1.5532,             0.75525,              1.6381,             0.92038,             0.91592,             0.96439,             0.64763,                   0,                   0,                   0,           0.0057149,           0.0057149,           0.0057149
                  89,              1.5474,             0.75736,              1.6268,             0.91571,             0.91727,             0.96321,             0.64794,                   0,                   0,                   0,           0.0056657,           0.0056657,           0.0056657
                  90,              1.5754,              0.7583,              1.6334,             0.91773,             0.90791,             0.96666,             0.65457,                   0,                   0,                   0,           0.0056164,           0.0056164,           0.0056164
                  91,               1.535,              0.7453,              1.6064,             0.92056,             0.91906,             0.96653,             0.65013,                   0,                   0,                   0,           0.0055672,           0.0055672,           0.0055672
                  92,              1.5435,             0.74027,               1.606,             0.91604,             0.92232,             0.96812,              0.6441,                   0,                   0,                   0,           0.0055179,           0.0055179,           0.0055179
                  93,              1.5363,             0.73941,              1.6174,             0.93226,             0.90959,             0.96623,             0.65465,                   0,                   0,                   0,           0.0054687,           0.0054687,           0.0054687
                  94,              1.5243,             0.73127,              1.6079,             0.92549,             0.92148,             0.96953,             0.64879,                   0,                   0,                   0,           0.0054194,           0.0054194,           0.0054194
                  95,              1.5285,             0.73304,              1.6017,             0.91849,             0.91951,             0.96475,             0.65411,                   0,                   0,                   0,           0.0053701,           0.0053701,           0.0053701
                  96,              1.5236,             0.73174,              1.5915,             0.91095,             0.93031,             0.96531,             0.65053,                   0,                   0,                   0,           0.0053209,           0.0053209,           0.0053209
                  97,               1.516,             0.73456,              1.5977,             0.92599,             0.91187,             0.96581,             0.65735,                   0,                   0,                   0,           0.0052716,           0.0052716,           0.0052716
                  98,              1.5058,             0.72027,              1.5934,             0.93397,             0.91589,             0.97084,             0.66486,                   0,                   0,                   0,           0.0052224,           0.0052224,           0.0052224
                  99,              1.5093,             0.73085,              1.5973,             0.92855,             0.91682,             0.97194,             0.66074,                   0,                   0,                   0,           0.0051731,           0.0051731,           0.0051731
                 100,              1.5038,             0.72318,              1.5905,             0.91311,             0.92611,             0.96595,             0.65467,                   0,                   0,                   0,           0.0051239,           0.0051239,           0.0051239
                 101,              1.4583,             0.69912,              1.5769,             0.92009,             0.92675,             0.96797,             0.66938,                   0,                   0,                   0,           0.0050746,           0.0050746,           0.0050746
                 102,              1.4837,             0.71156,              1.5749,             0.89783,              0.9429,             0.96601,             0.65583,                   0,                   0,                   0,           0.0050254,           0.0050254,           0.0050254
                 103,              1.4748,             0.71077,              1.5776,             0.92502,             0.92636,             0.96698,             0.66389,                   0,                   0,                   0,           0.0049761,           0.0049761,           0.0049761
                 104,              1.4451,             0.69309,               1.569,             0.91254,             0.94335,             0.96937,             0.66207,                   0,                   0,                   0,           0.0049269,           0.0049269,           0.0049269
                 105,              1.4534,             0.70384,              1.5659,             0.90851,             0.94217,             0.96886,             0.67192,                   0,                   0,                   0,           0.0048776,           0.0048776,           0.0048776
                 106,              1.4456,             0.69279,              1.5618,             0.93871,               0.916,             0.96798,             0.66731,                   0,                   0,                   0,           0.0048284,           0.0048284,           0.0048284
                 107,              1.4578,             0.70066,              1.5583,              0.9166,              0.9357,             0.97007,             0.66934,                   0,                   0,                   0,           0.0047791,           0.0047791,           0.0047791
                 108,              1.4454,             0.68998,              1.5667,             0.93125,             0.92581,             0.97081,              0.6677,                   0,                   0,                   0,           0.0047299,           0.0047299,           0.0047299
                 109,              1.4365,             0.68143,              1.5432,             0.93047,             0.92663,             0.96814,             0.66934,                   0,                   0,                   0,           0.0046806,           0.0046806,           0.0046806
                 110,              1.4377,             0.68803,              1.5568,             0.93267,             0.91772,             0.96804,             0.67204,                   0,                   0,                   0,           0.0046313,           0.0046313,           0.0046313
                 111,              1.4134,             0.67669,              1.5312,             0.92157,             0.92987,              0.9669,             0.66424,                   0,                   0,                   0,           0.0045821,           0.0045821,           0.0045821
                 112,              1.4226,             0.68366,               1.544,             0.92436,             0.92317,             0.96594,             0.65219,                   0,                   0,                   0,           0.0045328,           0.0045328,           0.0045328
                 113,              1.4167,             0.68131,              1.5464,             0.93114,             0.92414,              0.9702,             0.66156,                   0,                   0,                   0,           0.0044836,           0.0044836,           0.0044836
                 114,              1.4032,             0.67546,              1.5297,              0.9157,             0.94379,             0.97341,             0.67333,                   0,                   0,                   0,           0.0044343,           0.0044343,           0.0044343
                 115,              1.3959,             0.66983,              1.5469,             0.93519,             0.92626,             0.97561,             0.68254,                   0,                   0,                   0,           0.0043851,           0.0043851,           0.0043851
                 116,              1.4069,             0.67106,              1.5358,             0.93709,             0.93095,             0.97432,             0.67673,                   0,                   0,                   0,           0.0043358,           0.0043358,           0.0043358
                 117,                 1.4,             0.66842,               1.526,             0.93299,             0.92653,             0.97398,             0.67911,                   0,                   0,                   0,           0.0042866,           0.0042866,           0.0042866
                 118,              1.4068,             0.66846,              1.5209,             0.93737,             0.92198,             0.97132,             0.67673,                   0,                   0,                   0,           0.0042373,           0.0042373,           0.0042373
                 119,              1.3792,              0.6703,              1.5124,             0.93653,             0.92941,             0.97246,              0.6822,                   0,                   0,                   0,           0.0041881,           0.0041881,           0.0041881
                 120,              1.3822,             0.65947,              1.5142,             0.94339,             0.91817,             0.97288,             0.68457,                   0,                   0,                   0,           0.0041388,           0.0041388,           0.0041388
                 121,              1.3901,             0.66689,              1.5231,             0.94055,             0.92716,             0.97553,             0.68224,                   0,                   0,                   0,           0.0040896,           0.0040896,           0.0040896
                 122,              1.3424,                0.64,              1.4918,             0.93373,             0.93761,             0.97294,             0.68488,                   0,                   0,                   0,           0.0040403,           0.0040403,           0.0040403
                 123,              1.3816,             0.65726,              1.5065,             0.93906,             0.92847,             0.97343,             0.68882,                   0,                   0,                   0,            0.003991,            0.003991,            0.003991
                 124,              1.3422,             0.64029,              1.4982,               0.949,             0.92032,             0.97224,             0.68913,                   0,                   0,                   0,           0.0039418,           0.0039418,           0.0039418
                 125,              1.3716,             0.65047,              1.4985,             0.93646,             0.92221,             0.97365,             0.68723,                   0,                   0,                   0,           0.0038925,           0.0038925,           0.0038925
                 126,              1.3514,              0.6454,              1.4871,             0.92498,             0.94243,             0.97411,             0.69014,                   0,                   0,                   0,           0.0038433,           0.0038433,           0.0038433
                 127,              1.3482,              0.6368,              1.4809,             0.93861,             0.92815,             0.97295,              0.6944,                   0,                   0,                   0,            0.003794,            0.003794,            0.003794
                 128,              1.3335,             0.63725,              1.4817,              0.9218,              0.9357,             0.97433,             0.69258,                   0,                   0,                   0,           0.0037448,           0.0037448,           0.0037448
                 129,              1.3515,             0.64704,              1.5049,             0.93322,             0.93626,             0.97538,             0.68835,                   0,                   0,                   0,           0.0036955,           0.0036955,           0.0036955
                 130,              1.3503,             0.63705,              1.4889,             0.93184,             0.93345,             0.97269,             0.69552,                   0,                   0,                   0,           0.0036463,           0.0036463,           0.0036463
                 131,              1.3135,             0.62896,              1.4833,             0.94632,             0.91817,              0.9732,             0.69781,                   0,                   0,                   0,            0.003597,            0.003597,            0.003597
                 132,              1.2979,             0.61943,              1.4666,             0.93386,              0.9348,             0.97369,             0.69438,                   0,                   0,                   0,           0.0035478,           0.0035478,           0.0035478
                 133,              1.3188,             0.61947,              1.4667,             0.92727,              0.9429,             0.97172,              0.6996,                   0,                   0,                   0,           0.0034985,           0.0034985,           0.0034985
                 134,              1.3159,             0.63118,              1.4988,             0.93697,              0.9357,             0.97427,             0.69888,                   0,                   0,                   0,           0.0034493,           0.0034493,           0.0034493
                 135,              1.2969,             0.61822,              1.4636,             0.94603,             0.92086,             0.97592,             0.70323,                   0,                   0,                   0,              0.0034,              0.0034,              0.0034
                 136,              1.2995,             0.62146,              1.4781,             0.92696,             0.94649,             0.97568,             0.70572,                   0,                   0,                   0,           0.0033507,           0.0033507,           0.0033507
                 137,               1.287,             0.60914,              1.4592,             0.94935,             0.92704,             0.97618,             0.69814,                   0,                   0,                   0,           0.0033015,           0.0033015,           0.0033015
                 138,              1.2913,             0.61304,              1.4645,             0.94402,             0.93257,             0.97495,             0.69975,                   0,                   0,                   0,           0.0032522,           0.0032522,           0.0032522
                 139,              1.2707,             0.59902,              1.4397,             0.94005,             0.93777,             0.97703,             0.70416,                   0,                   0,                   0,            0.003203,            0.003203,            0.003203
                 140,              1.2815,             0.61049,              1.4473,             0.93963,             0.93086,              0.9741,             0.69666,                   0,                   0,                   0,           0.0031537,           0.0031537,           0.0031537
                 141,              1.2682,             0.60553,              1.4537,             0.94474,             0.93031,             0.97581,             0.70527,                   0,                   0,                   0,           0.0031045,           0.0031045,           0.0031045
                 142,              1.2828,             0.61083,              1.4542,             0.95241,             0.93587,             0.97793,             0.70601,                   0,                   0,                   0,           0.0030552,           0.0030552,           0.0030552
                 143,              1.2497,             0.59515,              1.4399,              0.9286,             0.94874,             0.97552,             0.71361,                   0,                   0,                   0,            0.003006,            0.003006,            0.003006
                 144,              1.2553,             0.59584,              1.4445,             0.94671,             0.93468,             0.97468,             0.70811,                   0,                   0,                   0,           0.0029567,           0.0029567,           0.0029567
                 145,              1.2564,             0.59544,              1.4453,             0.93174,             0.94524,             0.97666,             0.70585,                   0,                   0,                   0,           0.0029075,           0.0029075,           0.0029075
                 146,              1.2608,             0.60212,              1.4537,             0.94671,             0.92581,             0.97461,             0.70741,                   0,                   0,                   0,           0.0028582,           0.0028582,           0.0028582
                 147,              1.2511,             0.59769,              1.4554,             0.93334,             0.94379,             0.97579,             0.71334,                   0,                   0,                   0,            0.002809,            0.002809,            0.002809
                 148,              1.2472,             0.59157,              1.4402,             0.94216,             0.93746,             0.97688,             0.71007,                   0,                   0,                   0,           0.0027597,           0.0027597,           0.0027597
                 149,              1.2519,              0.5934,               1.436,              0.9457,             0.93435,              0.9744,             0.72012,                   0,                   0,                   0,           0.0027104,           0.0027104,           0.0027104
                 150,              1.2419,             0.59109,              1.4392,             0.94746,              0.9324,             0.97474,             0.71262,                   0,                   0,                   0,           0.0026612,           0.0026612,           0.0026612
                 151,              1.2328,             0.58525,              1.4201,             0.93318,             0.94424,             0.97524,             0.71468,                   0,                   0,                   0,           0.0026119,           0.0026119,           0.0026119
                 152,               1.223,             0.58069,              1.4167,             0.93323,             0.95099,             0.97549,             0.71194,                   0,                   0,                   0,           0.0025627,           0.0025627,           0.0025627
                 153,               1.223,             0.58161,              1.4313,             0.93878,             0.94459,             0.97685,             0.71145,                   0,                   0,                   0,           0.0025134,           0.0025134,           0.0025134
                 154,              1.2118,             0.57534,              1.4203,             0.94773,             0.92949,              0.9744,             0.71585,                   0,                   0,                   0,           0.0024642,           0.0024642,           0.0024642
                 155,              1.2003,             0.57299,              1.4324,             0.94779,             0.93031,             0.97495,             0.71399,                   0,                   0,                   0,           0.0024149,           0.0024149,           0.0024149
                 156,              1.2053,             0.56917,              1.4101,             0.92901,             0.95414,             0.97567,              0.7135,                   0,                   0,                   0,           0.0023657,           0.0023657,           0.0023657
                 157,              1.1918,             0.56973,              1.4175,             0.93213,             0.94559,             0.97622,              0.7178,                   0,                   0,                   0,           0.0023164,           0.0023164,           0.0023164
                 158,              1.1993,             0.57667,              1.4192,             0.92408,             0.95504,             0.97622,             0.71426,                   0,                   0,                   0,           0.0022672,           0.0022672,           0.0022672
                 159,              1.1811,             0.56638,               1.416,             0.94819,             0.92993,             0.97609,             0.71548,                   0,                   0,                   0,           0.0022179,           0.0022179,           0.0022179
                 160,              1.1966,             0.56249,              1.4088,             0.93028,             0.95728,              0.9765,             0.72226,                   0,                   0,                   0,           0.0021687,           0.0021687,           0.0021687
                 161,              1.1963,              0.5636,              1.4038,             0.94361,             0.93295,              0.9777,             0.72539,                   0,                   0,                   0,           0.0021194,           0.0021194,           0.0021194
                 162,              1.1664,             0.55747,              1.3942,             0.93976,             0.94001,             0.97457,             0.71848,                   0,                   0,                   0,           0.0020701,           0.0020701,           0.0020701
                 163,               1.192,             0.56462,              1.3988,              0.9479,             0.93121,             0.97436,             0.72203,                   0,                   0,                   0,           0.0020209,           0.0020209,           0.0020209
                 164,              1.1848,              0.5624,              1.4137,             0.93927,              0.9458,             0.97778,              0.7252,                   0,                   0,                   0,           0.0019716,           0.0019716,           0.0019716
                 165,                1.16,             0.55184,              1.3859,             0.92066,             0.95504,             0.97744,             0.72483,                   0,                   0,                   0,           0.0019224,           0.0019224,           0.0019224
                 166,              1.1776,             0.55761,              1.3902,             0.93648,             0.94802,             0.97553,             0.72329,                   0,                   0,                   0,           0.0018731,           0.0018731,           0.0018731
                 167,              1.1585,             0.55093,              1.3756,             0.93932,             0.94661,              0.9767,             0.72999,                   0,                   0,                   0,           0.0018239,           0.0018239,           0.0018239
                 168,              1.1558,              0.5485,              1.3983,             0.95171,             0.92896,             0.97692,              0.7278,                   0,                   0,                   0,           0.0017746,           0.0017746,           0.0017746
                 169,              1.1573,             0.55075,              1.4086,              0.9325,             0.94739,             0.97378,              0.7282,                   0,                   0,                   0,           0.0017254,           0.0017254,           0.0017254
                 170,              1.1429,             0.54576,              1.3753,             0.93684,             0.94829,             0.97609,             0.73331,                   0,                   0,                   0,           0.0016761,           0.0016761,           0.0016761
                 171,              1.1537,             0.54861,              1.3709,             0.93557,             0.94672,             0.97629,             0.72762,                   0,                   0,                   0,           0.0016269,           0.0016269,           0.0016269
                 172,              1.1327,             0.54074,              1.3702,             0.95033,               0.933,             0.97659,             0.73322,                   0,                   0,                   0,           0.0015776,           0.0015776,           0.0015776
                 173,              1.1458,             0.54369,              1.3801,             0.95036,             0.93837,             0.97856,             0.72889,                   0,                   0,                   0,           0.0015284,           0.0015284,           0.0015284
                 174,              1.1228,             0.53918,              1.3692,             0.94268,             0.94245,             0.97677,             0.72987,                   0,                   0,                   0,           0.0014791,           0.0014791,           0.0014791
                 175,              1.1136,             0.53106,              1.3567,             0.93868,             0.94293,              0.9752,             0.72555,                   0,                   0,                   0,           0.0014299,           0.0014299,           0.0014299
                 176,              1.1154,             0.53179,              1.3689,             0.93481,             0.94964,             0.97596,             0.72883,                   0,                   0,                   0,           0.0013806,           0.0013806,           0.0013806
                 177,              1.1086,             0.52925,              1.3658,             0.94258,             0.93975,             0.97756,             0.73335,                   0,                   0,                   0,           0.0013313,           0.0013313,           0.0013313
                 178,              1.1275,             0.53159,              1.3641,             0.95303,             0.93345,             0.97726,             0.73167,                   0,                   0,                   0,           0.0012821,           0.0012821,           0.0012821
                 179,              1.1088,             0.53238,              1.3626,             0.94026,             0.94123,             0.97767,             0.73299,                   0,                   0,                   0,           0.0012328,           0.0012328,           0.0012328
                 180,              1.1193,             0.53506,              1.3655,             0.93549,             0.94551,             0.97553,             0.72965,                   0,                   0,                   0,           0.0011836,           0.0011836,           0.0011836
                 181,              1.0887,             0.52694,              1.3589,             0.94534,             0.93121,             0.97527,              0.7276,                   0,                   0,                   0,           0.0011343,           0.0011343,           0.0011343
                 182,              1.1071,             0.53307,              1.3602,             0.94064,              0.9375,             0.97491,             0.73283,                   0,                   0,                   0,           0.0010851,           0.0010851,           0.0010851
                 183,              1.1087,             0.53167,              1.3434,             0.94156,             0.93885,             0.97533,             0.72904,                   0,                   0,                   0,           0.0010358,           0.0010358,           0.0010358
                 184,               1.086,             0.52597,              1.3688,             0.94593,             0.93604,             0.97538,             0.73404,                   0,                   0,                   0,          0.00098657,          0.00098657,          0.00098657
                 185,               1.096,             0.53074,              1.3645,             0.94312,             0.93938,             0.97713,             0.73447,                   0,                   0,                   0,          0.00093731,          0.00093731,          0.00093731
                 186,              1.0902,             0.52761,              1.3526,             0.92798,             0.95009,             0.97525,             0.73557,                   0,                   0,                   0,          0.00088806,          0.00088806,          0.00088806
                 187,               1.067,             0.51114,              1.3362,             0.94581,             0.93615,             0.97539,              0.7346,                   0,                   0,                   0,          0.00083881,          0.00083881,          0.00083881
                 188,              1.0733,             0.51633,              1.3457,             0.93934,             0.94739,             0.97609,             0.73457,                   0,                   0,                   0,          0.00078955,          0.00078955,          0.00078955
                 189,              1.0872,             0.52519,              1.3538,             0.94477,             0.94335,             0.97503,             0.73448,                   0,                   0,                   0,           0.0007403,           0.0007403,           0.0007403
                 190,              1.0781,             0.52133,               1.349,             0.95513,               0.933,             0.97512,             0.73294,                   0,                   0,                   0,          0.00069104,          0.00069104,          0.00069104
                 191,              0.9089,             0.43541,               1.339,             0.95145,             0.93397,             0.97435,             0.73487,                   0,                   0,                   0,          0.00064179,          0.00064179,          0.00064179
                 192,             0.87641,             0.41276,              1.3242,             0.94207,             0.94322,             0.97476,             0.73104,                   0,                   0,                   0,          0.00059254,          0.00059254,          0.00059254
                 193,             0.84897,             0.40174,              1.3163,             0.95846,             0.93076,             0.97606,             0.73314,                   0,                   0,                   0,          0.00054328,          0.00054328,          0.00054328
                 194,             0.85111,             0.40355,              1.3134,             0.94444,              0.9401,             0.97659,             0.73649,                   0,                   0,                   0,          0.00049403,          0.00049403,          0.00049403
                 195,             0.83898,             0.39578,              1.3028,             0.94589,             0.94313,             0.97702,              0.7376,                   0,                   0,                   0,          0.00044478,          0.00044478,          0.00044478
                 196,             0.83618,             0.39251,              1.2941,             0.95497,               0.933,             0.97628,             0.74068,                   0,                   0,                   0,          0.00039552,          0.00039552,          0.00039552
                 197,             0.83146,             0.39706,               1.299,             0.94877,             0.94102,             0.97738,             0.74193,                   0,                   0,                   0,          0.00034627,          0.00034627,          0.00034627
                 198,             0.82915,             0.39429,              1.2915,              0.9477,              0.9429,             0.97697,             0.74212,                   0,                   0,                   0,          0.00029701,          0.00029701,          0.00029701
                 199,             0.81677,             0.38794,              1.2828,             0.94501,             0.94269,              0.9775,              0.7423,                   0,                   0,                   0,          0.00024776,          0.00024776,          0.00024776
                 200,             0.82124,              0.3912,              1.2932,             0.95005,             0.93975,             0.97874,             0.74402,                   0,                   0,                   0,          0.00019851,          0.00019851,          0.00019851
